Rank	City	Apartment (3 bedrooms) Outside of Centre (in USD)
1	New York, NY, United States	5306.92
2	San Francisco, CA, United States	4623.81
3	Brooklyn, NY, United States	4345.00
4	Washington, DC, United States	4069.47
5	San Diego, CA, United States	3994.74
6	Los Angeles, CA, United States	3902.29
7	Boston, MA, United States	3812.61
8	Miami, FL, United States	3809.97
9	Singapore, Singapore	3656.53
10	Honolulu, HI, United States	3609.09
11	Seattle, WA, United States	3436.77
12	Geneva, Switzerland	3413.59
13	London, United Kingdom	3354.89
14	Zurich, Switzerland	3318.12
15	Hong Kong, Hong Kong (China)	3203.58
16	Dublin, Ireland	3040.44
17	Denver, CO, United States	2983.16
18	Sacramento, CA, United States	2862.75
19	Chicago, IL, United States	2859.09
20	Dubai, United Arab Emirates	2816.82
21	Lausanne, Switzerland	2717.57
22	Amsterdam, Netherlands	2694.64
23	Dallas, TX, United States	2675.04
24	Nashville, TN, United States	2652.08
25	Austin, TX, United States	2625.62
26	Portland, OR, United States	2624.00
27	Tampa, FL, United States	2605.96
28	Luxembourg, Luxembourg	2601.38
29	Orlando, FL, United States	2600.70
30	Vancouver, Canada	2592.83
31	Charlotte, NC, United States	2579.33
32	Basel, Switzerland	2493.88
33	Sydney, Australia	2481.33
34	Raleigh, NC, United States	2440.48
35	Reykjavik, Iceland	2418.55
36	Brighton, United Kingdom	2348.61
37	Victoria, Canada	2345.65
38	Toronto, Canada	2341.76
39	Surrey, Canada	2323.36
40	Madison, WI, United States	2312.50
41	Atlanta, GA, United States	2293.61
42	Philadelphia, PA, United States	2274.42
43	Phoenix, AZ, United States	2265.04
44	Houston, TX, United States	2254.82
45	Mississauga, Canada	2254.35
46	Cork, Ireland	2245.09
47	Las Vegas, NV, United States	2234.82
48	Tel Aviv-Yafo, Israel	2219.56
49	Munich, Germany	2219.10
50	Saint Louis, MO, United States	2200.00
51	Abu Dhabi, United Arab Emirates	2195.80
52	New Orleans, LA, United States	2179.17
53	Salt Lake City, UT, United States	2176.92
54	Baltimore, MD, United States	2162.50
55	Paris, France	2123.90
56	Columbus, OH, United States	2123.78
57	Jacksonville, FL, United States	2099.43
58	Copenhagen, Denmark	2086.86
59	Boise, ID, United States	2031.88
60	San Antonio, TX, United States	2030.69
61	The Hague (Den Haag), Netherlands	2008.99
62	Milan, Italy	1980.06
63	Minneapolis, MN, United States	1978.75
64	Edinburgh, United Kingdom	1972.84
65	Bristol, United Kingdom	1971.90
66	Rotterdam, Netherlands	1943.05
67	Tucson, AZ, United States	1934.62
68	Utrecht, Netherlands	1930.36
69	Jerusalem, Israel	1929.73
70	Limassol, Cyprus	1927.76
71	Bern, Switzerland	1924.17
72	Haarlem, Netherlands	1900.24
73	Doha, Qatar	1898.99
74	Halifax, Canada	1876.49
75	Kelowna, Canada	1860.83
76	Pittsburgh, PA, United States	1856.25
77	Canberra, Australia	1825.05
78	Wellington, New Zealand	1813.11
79	Oslo, Norway	1804.83
80	Cincinnati, OH, United States	1804.38
81	Indianapolis, IN, United States	1800.00
82	Calgary, Canada	1798.75
83	Lisbon, Portugal	1769.69
84	Sliema, Malta	1766.14
85	London, Canada	1764.11
86	Ottawa, Canada	1760.75
87	Brisbane, Australia	1750.01
88	Berlin, Germany	1719.46
89	Manchester, United Kingdom	1714.53
90	Panama City, Panama	1706.25
91	Auckland, New Zealand	1704.88
92	Eindhoven, Netherlands	1678.22
93	Melbourne, Australia	1677.70
94	Perth, Australia	1664.27
95	Stockholm, Sweden	1638.75
96	Brussels, Belgium	1621.71
97	Frankfurt, Germany	1587.08
98	Madrid, Spain	1575.42
99	Dusseldorf, Germany	1565.29
100	Maastricht, Netherlands	1538.94
101	Hamburg, Germany	1538.35
102	Barcelona, Spain	1536.62
103	Stuttgart, Germany	1536.28
104	Trondheim, Norway	1531.97
105	Aarhus, Denmark	1521.64
106	Glasgow, United Kingdom	1508.04
107	Adelaide, Australia	1481.73
108	Edmonton, Canada	1472.75
109	Montreal, Canada	1458.76
110	Vienna, Austria	1451.18
111	Birmingham, United Kingdom	1449.18
112	Phuket, Thailand	1432.99
113	Porto, Portugal	1424.57
114	Leeds, United Kingdom	1423.89
115	Winnipeg, Canada	1415.64
116	Bergen, Norway	1386.74
117	Sheffield, United Kingdom	1385.25
118	Prague, Czech Republic	1369.74
119	Rome, Italy	1365.08
120	Helsinki, Finland	1363.24
121	Kuwait City, Kuwait	1342.66
122	Seoul, South Korea	1341.35
123	Lagos, Nigeria	1321.40
124	Cologne, Germany	1319.91
125	Warsaw, Poland	1318.08
126	Malaga, Spain	1307.13
127	Saskatoon, Canada	1306.03
128	Mannheim, Germany	1299.83
129	Ljubljana, Slovenia	1296.40
130	Nuremberg, Germany	1288.22
131	Karlsruhe, Germany	1287.81
132	Aberdeen, United Kingdom	1283.56
133	Belfast, United Kingdom	1278.69
134	Bologna, Italy	1254.48
135	Tokyo, Japan	1239.17
136	Valencia, Spain	1208.56
137	Sharjah, United Arab Emirates	1207.98
138	Haifa, Israel	1202.47
139	Mexico City, Mexico	1180.31
140	Shanghai, China	1177.47
141	Monterrey, Mexico	1170.26
142	Larnaca, Cyprus	1170.19
143	Manama, Bahrain	1159.98
144	Groningen, Netherlands	1159.19
145	Antwerp, Belgium	1156.17
146	Lyon, France	1152.59
147	Graz, Austria	1144.01
148	Riyadh, Saudi Arabia	1138.15
149	Malmo, Sweden	1126.47
150	Gothenburg, Sweden	1123.06
151	Aachen, Germany	1122.97
152	Gent, Belgium	1122.97
153	Padova, Italy	1109.50
154	Quebec City, Canada	1104.17
155	Beijing, China	1100.34
156	Toulouse, France	1081.76
157	Puerto Vallarta, Mexico	1077.38
158	Liverpool, United Kingdom	1074.71
159	Bremen, Germany	1071.46
160	San Jose, Costa Rica	1060.65
161	Port of Spain, Trinidad And Tobago	1060.12
162	Taipei, Taiwan	1054.83
163	Nicosia, Cyprus	1054.29
164	Krakow (Cracow), Poland	1051.13
165	Tampere, Finland	1028.70
166	Wroclaw, Poland	1027.54
167	Moscow, Russia	1013.37
168	Dresden, Germany	1009.65
169	Split, Croatia	1007.85
170	Istanbul, Turkey	1006.76
171	Cape Town, South Africa	1002.74
172	Verona, Italy	991.62
173	Hanover, Germany	988.40
174	Leipzig, Germany	985.61
175	Bratislava, Slovakia	984.75
176	Naples, Italy	981.77
177	Montpellier, France	978.74
178	Essen, Germany	977.80
179	Brno, Czech Republic	967.30
180	Braga, Portugal	951.14
181	Athens, Greece	930.12
182	Tallinn, Estonia	929.60
183	Strasbourg, France	921.22
184	Mumbai, India	908.28
185	Zagreb, Croatia	907.53
186	Vilnius, Lithuania	903.93
187	Shenzhen, China	903.43
188	Belgrade, Serbia	896.64
189	Seville (Sevilla), Spain	895.03
190	Gdansk, Poland	893.80
191	Poznan, Poland	888.90
192	Yerevan, Armenia	886.04
193	Turin, Italy	880.40
194	Genoa, Italy	858.54
195	Beirut, Lebanon	826.92
196	Ulaanbaatar, Mongolia	812.24
197	Santiago, Chile	810.06
198	Addis Ababa, Ethiopia	809.48
199	Bangkok, Thailand	805.85
200	Budapest, Hungary	786.49
201	Guadalajara, Mexico	770.83
202	Tbilisi, Georgia	767.48
203	Tashkent, Uzbekistan	763.00
204	Kosice, Slovakia	759.81
205	Caracas, Venezuela	750.00
206	Podgorica, Montenegro	749.14
207	Manila, Philippines	748.61
208	Sofia, Bulgaria	745.67
209	Chisinau, Moldova	743.96
210	Cluj-Napoca, Romania	743.63
211	Almaty, Kazakhstan	742.02
212	Buenos Aires, Argentina	739.55
213	Guatemala City, Guatemala	729.78
214	Bucharest, Romania	727.38
215	Montevideo, Uruguay	717.19
216	Merida, Mexico	712.95
217	Ankara, Turkey	711.90
218	Muscat, Oman	708.90
219	Novi Sad, Serbia	708.66
220	Tirana, Albania	705.52
221	Plzen, Czech Republic	705.02
222	Kaunas, Lithuania	704.00
223	Katowice, Poland	699.90
224	Alanya, Turkey	697.44
225	Tehran, Iran	695.92
226	Lodz, Poland	693.22
227	Dar es Salaam, Tanzania	691.77
228	Pretoria, South Africa	682.50
229	Constanta, Romania	680.36
230	Pattaya, Thailand	670.02
231	Sao Paulo, Brazil	669.01
232	Thessaloniki, Greece	664.51
233	Antalya, Turkey	664.05
234	Queretaro (Santiago de Quer√©taro), Mexico	661.34
235	Jakarta, Indonesia	660.80
236	Jeddah (Jiddah), Saudi Arabia	660.04
237	Hangzhou, China	658.31
238	Guangzhou, China	656.34
239	Medellin, Colombia	653.72
240	Batumi, Ajara, Georgia	653.30
241	Izmir, Turkey	650.52
242	Saint Petersburg, Russia	649.78
243	Johannesburg, South Africa	640.26
244	Harare, Zimbabwe	636.67
245	Rabat, Morocco	633.04
246	Florianopolis, Brazil	631.04
247	Debrecen, Hungary	630.86
248	Ho Chi Minh City, Vietnam	630.19
249	Kiev (Kyiv), Ukraine	625.51
250	Bogota, Colombia	607.64
251	Hanoi, Vietnam	602.37
252	Brasov, Romania	601.86
253	Phnom Penh, Cambodia	600.71
254	Bishkek, Kyrgyzstan	600.56
255	Ad Dammam, Saudi Arabia	599.68
256	Lima, Peru	599.63
257	Riga, Latvia	599.61
258	Varna, Bulgaria	582.09
259	Quito, Ecuador	580.45
260	Kuala Lumpur, Malaysia	578.31
261	Campinas, Brazil	566.96
262	Rio de Janeiro, Brazil	566.01
263	Dnipro, Ukraine	558.62
264	Bursa, Turkey	545.63
265	Astana (Nur-Sultan), Kazakhstan	543.07
266	Baghdad, Iraq	540.31
267	Durban, South Africa	536.51
268	Lviv, Ukraine	535.15
269	Brasilia, Brazil	523.98
270	Suzhou, China	522.44
271	Cuenca, Ecuador	516.67
272	Minsk, Belarus	514.81
273	Burgas, Bulgaria	514.48
274	Amman, Jordan	508.56
275	Yekaterinburg, Russia	506.59
276	Plovdiv, Bulgaria	505.14
277	Porto Alegre, Brazil	491.23
278	Erbil (Irbil), Iraq	490.58
279	Sibiu, Romania	489.75
280	Timisoara, Romania	489.09
281	Asuncion, Paraguay	488.62
282	Iasi, Romania	467.16
283	Kazan, Russia	465.31
284	Casablanca, Morocco	462.11
285	Gurgaon, India	455.57
286	Chiang Mai, Thailand	454.63
287	Recife, Brazil	449.12
288	Bangalore, India	448.35
289	Sarajevo, Bosnia And Herzegovina	446.48
290	Curitiba, Brazil	443.70
291	Krasnodar, Russia	422.46
292	Baku, Azerbaijan	418.20
293	Nairobi, Kenya	415.38
294	Belo Horizonte, Brazil	405.22
295	Skopje, North Macedonia	401.62
296	Pristina, Kosovo (Disputed Territory)	399.22
297	Novosibirsk, Russia	397.04
298	Colombo, Sri Lanka	393.45
299	Oradea, Romania	393.42
300	Nizhny Novgorod, Russia	393.13
301	Kampala, Uganda	387.26
302	Kaliningrad, Russia	387.01
303	Perm, Russia	383.76
304	Delhi, India	383.68
305	Banja Luka, Bosnia And Herzegovina	374.58
306	Nis, Serbia	365.70
307	Chelyabinsk, Russia	364.89
308	Rostov-on-Don (Rostov-na-donu), Russia	364.24
309	Accra, Ghana	358.24
310	Pune, India	353.30
311	Marrakech, Morocco	326.95
312	Hyderabad, India	324.30
313	Noida, India	310.11
314	Chengdu, China	303.49
315	Islamabad, Pakistan	300.53
316	Odessa (Odesa), Ukraine	295.61
317	Kharkiv, Ukraine	274.54
318	Cairo, Egypt	272.52
319	Ufa, Russia	271.96
320	Tunis, Tunisia	267.61
321	Chandigarh, India	264.36
322	Tripoli, Libya	260.84
323	Surat, India	251.53
324	Chennai, India	248.62
325	Algiers, Algeria	242.49
326	Ahmedabad, India	240.73
327	Jaipur, India	230.99
328	Kochi, India	224.58
329	Vadodara, India	221.37
330	Lucknow (Lakhnau), India	217.52
331	Coimbatore, India	209.25
332	Bhubaneswar, India	196.35
333	Lahore, Pakistan	190.12
334	Kathmandu, Nepal	186.37
335	Kolkata, India	179.21
336	Dhaka, Bangladesh	175.64
337	Karachi, Pakistan	169.03
338	Alexandria, Egypt	130.07